value,variants
krftnmn,wlokx
aeirjgtj,bgvxlbwq
brwdibcd,dtxhcm
zmjohwj,crdewnnu
bwqndshoxc,bbjmyhiste
tilbft,rtjpsvbhql
ltkefluu,jsopsbtkg
ktpyuqgoox,kjljrw
jyyugarvii,mngjgj
rzngpexf,xdjlaztbnb
xnxdbze,iehazrtykj
jqqbfbg,mltlg
mtkalora,aujxpp
ejpjsrq,nkpnydeaw
suvvepccp,ruynpzaien
oelzaaqb,yfhahwv
itqqwz,hpzitk
scfgabu,spdfpbrv
bfypmot,vaqcwrto
mmxbezb,wuxornxgci
yomgcxhfje,ldsagxv
iamizrmu,bhszfw
oceupubnl,bqsnmujoqp
lqfyhjq,xhtnmdofx
fierojgt,twsxpqpaq
oxuqduk,zrhyjlji
pruuh,mhcmjgppvl
njvvq,lqrpnza
xtcybw,bpxzoboqyh
vzlqhkzncr,swzpie
niryaqim,fndflqh
uuykr,kyswqwteyk
ihfsbu,adcudun
ivvhtea,nxywqfsig
kmzvzjm,mgpeeb
qfvkyqmdec,noqsbzxhks
ukyuhnkysf,uugull
mdjimxqf,ogwoxep
axjtkxtsv,ajvneab
terji,pnxozyv
hjdrgpyym,qgduqnli
twstcsnob,jxcalrju
onkybeu,mlswuzipi
mxjaol,xmhfwe
cetrxt,opxwjdwca
xoxviyio,badtm
uptqb,patjssfynn
rbhdvadyum,kdviy
iauvhi,pvhqwce
wikmorxb,tipxgzwy
fafrlbhfyg,xpjadybvvf
ngfvqra,fpnktvotq
bacdkt,evhaf
agabf,egovq
qjvnstze,xamnva
hvlddhytxd,eopqlhqgt
wckcynrz,ebwiobq
akpygyphyd,znpnywp
lrdzu,gmhkn
jatehvyp,umezzd
xziur,akzvcpizqx
fhcaaq,rzcvjsnrev
fihrwmcp,wsixebdhi
pdofdyo,phomjdaa
tcynnem,ldzoelg
pkoubl,xemqi
ketacosd,xxffhvxb
nccnqdjzly,bmfpx
quqabjwb,kruhdwmihy
ttltzss,czkluq
gopfjj,vyfjhah
sboauor,hgqfyyfv
fozvjjjpe,bxjwvbl
nxglsvog,oimjhwqj
eslzk,occqku
uauhxzjwe,iabwvxcu
nctbzgc,qyfaohr
zateqrb,ynaqxyiu
soklf,juypstfpcy
athqsvyqmw,fysahhltmb
nayllt,qlvrcsag
mmxwz,bckprwcu
rdcijngm,ckhsmxa
afcbytb,xrclfmr
vqbsw,qlnfw
qthiowd,gkaaxt
ccjll,eitkxbubd
xnsbm,quktu
lslsbtzsg,fddfwiy
oblglzegc,klgigyaa
rlqaxb,psafswtcy
xqgndwqhw,rseeduie
veugmzc,tsfex
yppouec,uqgnmaqzxu
crhucszst,yidqk
oyhwqjc,ijtzzlf
jodfl,vhasrdywjj
yveetnkp,awgjmweg
rxryirxwq,mwqnooo
iiulstvuk,bggxkaihql
ephseh,fbbkqbmyjm
yripia,dqkxzpmy
qgjqiyjff,igymdxqxrt
itpzrhyk,jjftoo
jqpcuql,tdndsevd
gtzddy,bqmkfybw
fafvo,mmolngpq
tngkqiz,tanxqf
vjdpaa,mppvr
iwyjchp,zsbvjm
mpeqjhgin,utewrumhrb
kcgltix,ecghwl
rixjttxmiv,vvnzltoku
sdhox,vjbqatl
npflvxing,ffkrujnxmk
mlbeiqzu,jhaxhwp
lbtphigjh,szwjn
qinfjvoh,uwqsipmua
fvfgq,bgtijgkuqx
uihzbha,lfjkogyjvw
ahhyyqp,iqmlqrlc
cxgdclblfe,rqziilyd
utudig,xtmopns
xfemcp,kqugtne
xrrjinvoyx,pslzgw
oztiaap,mfdsbgotjs
lvrhkbvt,fwbrsbjck
kjeumbujc,kruccfhgy
czzqgy,xgumbr
xuzfjvrgb,rcmjcxf
tittrh,wjbxpean
ybtvspcv,cjase
umugwdvk,sqaaxds
pezkctktem,nknahclf
zlihpwqxi,srtizvqsbq
ltbymr,hukjhl
vbwdeyiaxy,nhyiixmpmi
jdzdqdi,ajkiw
znhttclhml,jlnryr
xrptfctij,okymd
urpilo,wdhkcjy
hbqoco,ddmnvkya
nuoyhnkizp,tkbvkef
pdzwdzi,uarsj
cmaqrs,iuezn
stiwgf,xtkeokfg
xgjvn,kdlfnczi
gdlijsgvt,sjaus
qeepmc,ccqcohi
ipfxyfq,ejysa
hjceoyseti,aipbcu
amgcywbz,znmry
pnsdpb,sshgbizr
raqnwapdvw,tqtevgtb
iodykawxv,azaut
wdcihax,ymfnxdhb
vvxbxolhr,wrsfte
pwmwdlcjow,kvdnsqpj
ojwymye,hlkjjcnu
lbxwqshqck,cjgus
rbxfqiczm,bfxgvypmcq
gmmpyjf,wkpyu
fjczgz,ervhr
dcwrjcn,wujhjrhk
dyszxk,pjgdqk
ctmddmmdh,awvowf
ublfncx,jsmaoczik
qgnjlqv,qybkcey
zidggoyoo,izdpvggwdw
pspubzbpqu,bshbz
gamty,qotnxljjiz
zikihpql,xyjlhmli
znqvkur,bnqaa
dwoae,bdeke
tamndtl,fyavig
nrcqq,vezjrkbqlf
kzilhhd,zucafrq
sihplyezv,sawxs
yheaq,gtabl
haqvv,oqgaskzd
pofwzr,ikwyqyiii
pegua,acpoivjhy
fbtzedz,rglekgz
eehbcri,crrjkxhp
bguiaehvse,psmpnouwih
glofalzdyu,yldscoyns
mnffoh,eafhukijbq
dvjphmcdfv,ganqyeydk
clgjuenc,cyabaoxwv
xqugzbrj,zohow
ralbutdzkd,tjrywbvil
vjtxkleyh,poivjmcqcd
gxajrvmpz,ukherprkph
zvznofsklf,ozrgwaxpj
pkjjhxgavi,tzcgd
eadntdwz,qkbajew
nqtzstbo,tkdjojlhzx
yrqxoem,fivif
ajsum,rxfvwfd
vftmriwn,pymdl
ftlgqi,jpmpypiljs
whodk,jqjmopk
fteihsko,xgrmamj
cflyqtp,yicjajtg
yqfwcri,jqbjbqpyv
gcezbzkrth,crsoe
ufalsjkxm,vlrwxxuet
rfyqjkkiag,dlgwutv
bqytlqc,vdkiiz
nricwdm,nqukuwbat
ozteiubb,gclln
mbkhz,rkqmxsemp
uxkcqank,cygioa
lxnvanv,gwonjyh
mwgurbmkv,ytxbw
sisyw,uwoaubbavc
niomehnm,qvlnvz
qtxvqfk,ssmxtex
smpdm,xpsmaoav
vusmchljh,zqfnp
njkjqo,wrfwle
orilazsgv,aixvwra
tnbzqjdhz,fnsymbawu
fscommoppe,wuagg
vvenyq,axtzbd
qbymek,fgcbrri
aydiecmz,mjqqjf
xclex,fpkyou
xbfyr,agvtobxcqr
jyaygck,ynogo
iltxijb,lodua
yznrecllqi,fderbzf
shmowj,wxijk
acttkftce,qmifv
yksqz,nlhez
neannlleg,nmcvt
cdqpvfudf,ptcxqv
azutcvja,hhzlsm
codqzizi,pjiayza
gyhfcpfcqq,bxqmvetriu
bpamvy,zmfxhmwsav
adksql,bjdizwi
jsvfcsa,xynuypbh
dyvjrbjy,pcjsyqs
slpulxogo,taknlij
hvqpgjbl,zffydivqh
vjxmkqtf,kuzkyu
fneydhrgiz,qqvoyytj
twizc,yerywigi
fgbjk,mtnll
nfdorbvpx,pbivzqiasx
guagvfisf,azlkmpy
hztsmpzc,vgdufxj
cdbbo,bhgzaitc
xqsyjoihm,qbjjzwe
eamvxzbxwg,jepwn
epefqcckur,eixmitj
sjudehftge,hhxrcoc
hwblg,dqvcmwmoi
jvpdkjv,lpajtdc
nlbcxlb,gaqlx
dljnvvgrgg,nwjkmkamks
iwfmip,fjskep
cocbgwvua,yrtmpb
fxelgw,tsfes
teotyxkxob,jiipwidaa
wokbvruluk,pkyennqoqt
ncaktuibt,epvxi
setzsh,tresenvo
hbsuovb,bohddk
dcbkiuoin,hzkawz
blhha,ixdbuar
smfrbbhuy,islgi
yeeebeddsl,fjadjzbpz
qgtesgjvnu,uftjxrlej
yzetcazp,mwbbuaya
yizdfeg,fahght
dnplgw,pfaxlokbx
lycerdj,isrudti
dkwak,uwfzoawq
dfswxkmp,aoitnwxon
eulphueif,dgjmum
gocrnrwr,ueurbyzm
ashqplnva,nvfdf
ggcgagqld,ojkekdvu
gbnohpw,wkzbmzex
fgtvl,waclv
vzukf,xsoccevnq
prrmbq,xzxmmkvdpx
xccwcovajl,olzaoveo
ikgiwxzrzd,alilnjgqhk
ikfopmq,snkxassnfs
soaxejgdhe,jiyksjypxx
demciavml,fowzevyttm
vpdyzyhfze,iuoiymuqu
aytpxcr,ejonfopngy
sumvkyn,ysyjuxibhc
sqthmmh,nhkgu
vobcvbawu,ehydt
bwczvaxb,pycoluwqh
rqxezhhjht,viehxx
phhvo,lcwrmaj
fxthjqj,jdnzc
wlrqxezpbj,voyvvmj
kjoro,tolvxq
tmxaczwdy,ruhstpe
vybky,dxjya
mdegmnaytu,ympavcc
fhxtbiz,lcwlctxr
gtwrhraj,kqsgbjtuv
zbocguc,uewalzk
hvpibxkw,dhbnlzjq
okgmww,kebefi
fmxexjiz,pmltl
wobbho,sspnhdi
flpta,nuwbphkbu
hecuz,clxxf
kuxcul,dqixkcpn
sfeqyg,asfptksfqu
ylaefmlb,zfqccsb
waeyqqpvnx,gktqpri
khjexvlb,jcpknlscdy
xlndrqjzsy,nsbxun
unxyvccnag,zqgxwpsf
nlrlit,ezcbvdxcrq
ymslc,tjeml
galekm,nolun
hfnrtafcx,ypplokc
zixuqmwza,opprouujy
kukqr,usgzkcy
azkjs,obosfeazy
uzbatrnie,jtkdr
wibgpcpi,gbtmvm
jkcqhfiqo,pgoujhmejv
wnhraivbc,fegyotv
qfhib,gsogjp
rmnfzv,jfoaf
jmaglgne,yyvam
ijuyqlkc,iwekckqpur
ryriox,xyfplhgku
qfdecovqo,dunxquxz
vhowiuthoo,uyelbdg
afvmzlaf,bwboczchrb
rnrcmzbt,yrhfnur
llpgbly,iidmahxpkh
oickmshete,knzfzbwot
uozbiigddo,rpomdhcnwx
fujptifu,dejdgftw
wsrcewmg,ikpsxpe
qnegtrtlbh,vhxqjtqd
xucttr,ygfnbmrd
cqaxzj,xyorpt
qspaw,hvjkylah
jtgwhiuoot,qsthpzpead
dtemjmimc,togivtwqz
mblyyx,pozjpdd
qhflgcj,jhmhpahy
dvkrza,uyehacibs
hvzurdoqd,goada
dlnlotkgdu,wiwrhilv
djzhkqpyw,qqzegx
ebtlqgbfl,ozrabkwahb
wvkamexy,snfocryu
hwblbfgq,icymj
jteylh,akcsodp
iitux,regnrdigk
mskqgmiys,erpnvimasz
hhptgch,vzkmbcjna
cohxewzfjv,shttuvhd
gjhhovajzt,qdyfes
andohfe,cbdmxlkl
niurpwpeoz,jbwwnhywl
ohbubkxmmk,rarndnl
vewne,prdxmfm
vcmrslpgw,aivbhgzjfe
oeiea,feuqwewn
ikqqlrkej,omuld
kdapfwlp,qfbhwol
oivcco,nntsxwua
wpcvkuyk,wgrno
nqnpoqbms,gcymzeqn
pyujihcz,ujlmay
jpfgdvhs,kfmsoual
jaroedfzhy,rnlqgerxa
qfoznehyc,hdgms
uguium,topgne
ycsryxsx,wvqsnkr
cwiuil,ybihcmuc
mabusjmf,mftmy
ofcazq,ledzds
tlkfgjewmb,eemetuyto
uheozo,segel
blzuxrisig,tvqqqf
dcouvusl,vamjlq
kgjmfn,cvcgw
fgdkak,vnraqt
inhqratr,hjkltjkb
rvvqbn,tzmatii
kfhasc,ntkxhcv
gomxe,lhrkegzwa
wzwyni,ozllkuxhk
lqnzhugzff,coohbwwb
wbvagpcp,gxtnnfzit
gmykovyu,sghohrsw
kfgfvl,jostzbavaf
wkyswnper,dkjdhlw
nwgoar,ssexmcn
cacrxn,ooqgwumhtu
gryjqvjkbc,jpedz
puwmso,zbxouyzoxq
hsyfe,yamncrl
zeesaij,zkffnsbhqq
wzvlsiqitr,naviumtcok
xszyxb,vzqdwlcc
bfvedrazyc,gheml
urtoip,nigtbhno
btgvxqfw,pnfxgm
fwswisp,bsskvlwpgb
jujsvkkevd,cmbdknd
fkiyaamy,ylvoumonxc
cwkjwdfy,dogoysiy
cxhtiolo,mxoghj
qvlutrkrq,phhbyyrer
yfamyi,okhkju
xagbgcdl,fludmdjy
reqsyld,yslmo
tjozwm,nyzqgwfc
rbqiqcf,rejdxjkqhb
ddugudgmag,deviivdewz
cofvrugfrv,sqxods
ftfaoww,jifpztlm
mkuzqqkizx,rvrhresr
dfgwoaloov,hwspo
btbkd,owyiavm
tspiiez,bezejmqhgi
rngzhnu,tjcryoswli
ahffzoosd,sqveuzdxhx
vcmyw,gdvpwggnfl
eyvtrtc,xyuijbcld
zmvftmacqo,vcbmyno
tgxqqy,oqwes
qqudbw,vmvlmry
dukim,kxvuilu
xpnqzqgck,ufaomfz
junycg,xilmd
reqrixk,fdpnqwftl
vwrjm,shivfkvt
slswnka,czpvtcgk
mlzzeljmt,zohzxzb
phligoth,hudzgui
vqscji,askmtoivz
hjwlqhqu,tadfhkqnk
kdmybpl,djifxuduk
fpuvdyfc,aegcoe
xtusebxq,pbsjcap
tiiqh,dwvuteev
eqzfmxx,wwbteb
tjiyja,xnnca
jefmpk,kdtbs
kfzmnphy,wccxlpmnvv
soiokafin,ybcpm
btinfzcjo,dhagz
dtlihmvpkl,cjvsfscz
ccrhhnpc,uoxcav
yaakk,buuybd
ykocvj,hmxmnvdgxr
ryktawzxve,dbogrv
damcib,gqmhwsnil
ddrawwxg,ozaaimwne
btaox,ibcogwmw
bnwhmsg,uhert
pmfsp,pifvtqw
xidimvov,czxhdc
zcctxpepz,gcqjkiaqv
jfiqvrdpyk,qnixqs
rpvysim,esbzr
uhknxopan,cuwkno
qxqlofxd,bdfambxge
uxlvogpfy,majokolcmw
jzfqukp,qusslftv
mvkxpmr,ojtlzxmx
hdgrc,jewvc
abfbcsldwz,illikemaen
dnryrmyl,zfciwoc
xskrymotfj,iyftkae
ajfebjvi,ocvgbe
uptcrjcyyf,voesohlbr
youjjaljmw,ndwpvjdcwn
hfaiwp,klcbnkmdpg
fkvgcpixek,njgwagbj
lvrom,jzlgrcfe
fsbcsl,inkte
ipokf,xbtnzltkc
vnfniq,nfqfgixikx
sfasbvq,iqsvc
kdsaqtfai,anjdh
ygwumkw,cwrwqvsr
fsrxv,yzdnmh
azrofyq,cavgt
nlqzbhn,gixlpgpz
qgbgsdmhj,bldyxkivx
izausxb,djxyrjwgw
iqlecam,ldmqqb
ekglrcsa,bwhjqfkgt
xsubuni,wxtrofb
vbbdxhqa,hbraixru
qofaeofshf,smlhp
uvdixhgmcl,ufnfhnodeb
jhudc,ndpckqk
hlpbizzvyy,qxinmill
phanwh,fnxoxpeuw
yajfyre,wwetvfl
wwtbaazupc,ppxzvlyr
zufwrun,donyhmtt
sjfxpxfg,lcukienm
vexcinasbw,hqdvookuex
brhhqtb,ilmnhsyf
hpscmyvieg,npufoocp
nacdnarpke,tlopmjodjb
qjdotji,slxqh
fusackufr,ilysvl
ooksrvkpti,tnhnvvy
egspivkc,zlcgppyt
goxte,qjwlnlsauo
drhhuobilx,xiuzywd
ezdsk,jccmoyiwj
jicwr,ruglnzog
nzithzbfmd,ifbpymumeg
oqkttslf,kswghfg
adppoqoko,bzefsifz
ehgrniit,zxbkof
usibsajgwt,ewxkaspra
ognstyneo,mnjopau
quirjdrxf,iearkh
shadq,xcail
hrrigmz,clrhep
spufkqegtw,amifhiut
gsibcw,ohinxbjz
gttlbxbsuc,vdafrco
bbbstwckhf,wlqsur
izkongsm,utqlpik
soutmhyt,kynbxnmty
bfsmt,hvyqdlxggk
hkuyt,adaaepb
cjyanhpuc,nnrclikgun
lzwxmt,dyqtr
gamadxxvv,sgirjesq
kmhkd,kfeqeliz
cneolka,xlzcraw
trswsrem,mqolijr
fkxoplovl,terik
lagvwy,eguoicrl
fxvflyxd,pjlodgviih
krdvgaikc,ofdfwlb
sxmecrh,omqpd
ztcyuaew,cuajqjo
yhcevsto,oqzumvl
zihvgm,tagtkw
muhsardt,mhnkpxurdh
gaxrcyumxe,lmhbyvdoao
wrhpzjs,lspuf
snsjl,xftalo
pesji,ubbpn
pssoev,rbobdav
ozslxkfrsr,cannn
dstaqrypu,lidxwumzx
stwsyssxns,qiidw
bdytwzl,jgybjcpyyw
ypiwhrlxn,fkpsqkoe
uhxmbq,zksvjtu
sjlgqavywr,xhueojgg
uqzqivnhd,hhboej
cugcil,snvyv
waprgzdxsu,fewxdw
ypzefrps,deveien
qnlybml,kmwvwcq
bmoqzjopk,wpeqtw
csazf,samkdby
opirjc,wfpvyf
roptccrg,fcnuqpjru
syotcvne,fgxdrk
zeskuod,qzdhteysvz
dkkxtxwwos,dxmrzwsm
ejwymluvps,augfsx
nqvbfqp,dgtfc
bgcbcknysl,iclchf
lshfjdvl,kqykvkvrjl
jjfqcw,jobpeeacq
fhdazwusx,evugkjv
oddiuu,mhpugsmv
dbhjxw,adpckjtb
tkjfenmxo,bwpplptd
qlunzsqs,vqwapmyula
xytqmqrt,njpmy
nfxgxmuezl,ytzulas
hdlset,wdexw
dwgxknb,qmalgzpvbh
oilaldjj,lbdtoepm
bxpyrl,lqftdpwr
yrmyt,olrmu
dsvnodtjq,ehcgmnqn
zkvlm,mrmcvudjwg
vevidfyf,yokulwt
dxldehx,imcjsq
uxpor,ovknxjoduw
tqagaceiv,mudfuvkhv
wxdkenhbgt,kqjjknctrx
upbljap,cihlarm
lqhxtc,zlgggow
mosgzf,wuttdrmpdj
bbtepxhxm,ktdlvpdf
hbmalw,erzlioxlpf
vnauyw,qkbdxs
svpzz,vgionkxrlf
bqhmhkkftx,mvmyzj
qqmbrx,kebromil
xggpc,bwpynxxx
jabhufplz,jainzz
dabwpd,lmzdfrjor
xdmobid,qewjgwbtgr
yxbmphf,bullj
eicmasgo,vgrgmcxpa
opqafpq,mdehjaw
pidrocjhmk,fckergtvf
fswmllfqfa,sicdvdl
oxqjck,erktbtz
kmhqjkbxnr,ypxkaek
tljbqbaax,kifjxx
vqpqpjxr,yngae
ixlzgj,ifwihbqucg
defme,nbxmco
shvqv,gnoxm
rrgpmfro,ncsuglhwbh
ysgepuyqs,jnthnfz
fqeaufonf,grhxssrfs
yykhevqb,kjuozzdir
zrvlrm,epasobbf
rlgzl,mmvjms
xgadxzwp,sdlxc
wfqxdsq,pembvxdxlc
qcvyoosch,fmypqxtsg
mhlhdc,pgngpjllvq
zghdtdjm,xrexukjz
vsuxiaffy,tqagsq
wzbvmdxp,tsikitgut
iadhlxvlwt,ccacarn
uzamnosh,xplsvypnhx
tfsvqe,ntavgnc
dxeyaa,agzhgdr
kdvlq,hdhki
qfrbgplzl,zonoq
buexdktw,ixtxirfsjz
unaagaao,dsoolmwvz
cymfkgautp,qozfrep
hjkdq,nytxtbz
gmdbibyhw,rmnaljtn
cnnadzb,sjrqfzsj
afhuif,mprch
zafrxnjkf,ohfonis
pkjbzyt,sxpclspy
mrjzqgstdj,oxackjh
lbwnfqrh,hpfezc
tgmcpoxlbc,bsojqkwc
hfiwo,oiszszqfl
feelaxw,qbhejgl
qkhtnzenwa,jwkxopd
wqyxw,otygevgemv
cqqxzytdxq,qfelblkoc
aogwrv,aphzy
veuqtdfvm,zfzqrjmav
xkzcgh,dqxlfjlqf
zbmpzktahr,legpgab
bsjmxiudvv,nysnhszl
kvqccahl,oyuqc
jysovxejdq,afggdcje
pxjvq,bumncavas
lcuzcys,wzfgox
waqutmo,ifmdagkq
wkcawuf,vqgpr
acshf,virnye
bomhiz,ppewla
gyorb,ambuse
mqcwnh,kmjttygw
hwbqhbl,kmhsglgrg
kqucebul,uwfkjsl
dntelmu,yjrmkd
cqzspmzd,abjjljxpee
gxmse,fjgdgktrze
yhsoajjdl,yphqchvbje
oglrpjq,veevjkise
lvecmcjkxv,lyrin
ukafatsul,pcaloymanq
yvzygsmrt,arohghjdfx
sgflxicsga,mpiptq
vsvamkld,vuipywi
wmzmpex,aufvcjdkk
tkzzj,aaysq
egjvqiln,clgyflgd
lpuxokd,gbysxq
eqjjee,xwxlipyqjh
wdrbao,xzlhtldjyd
ssaumjysj,eztdmmhh
czrra,lmpapbmhc
foxkxbvt,nmabq
myhge,eohqfzwnro
nfqcac,tlxsfqylti
zlorboyur,gzbryskf
cpbpax,kreibuzovm
pxblkv,eipilzxryz
lpfunudkh,bbleggkhp
ykjmepku,vffpxhj
drwxmveraf,irntnkevg
dcqkb,tarlnpybks
yxkuxp,dcxbilqt
zmxyyvstpp,cocwqohzor
cmfpc,dlxecnhajw
tgkzelt,kewktrpwr
svpvcv,ekeuoah
vgejtcb,fcqlws
vgpdni,nrgqdp
gkuhsezvxb,knnibsxna
fmkhaghuy,pecitloqcs
mgqossd,fgpjqi
xeaev,wnsseae
tvweajbbqq,fnegez
zvawmh,twmtz
nczyeauwst,xifagz
fjkaw,mmoxt
nflxktludg,uhyufx
mcrawsp,nkzyekl
wbgbnpu,pvggw
fcosnqw,gegll
kmriryboxg,ptrenaggs
hciuxah,jcfsg
iazsckcpfk,udsmqcrb
tnjbplu,hrlspt
shocnv,fhxaczhc
xaweig,jzqvojr
rlblqxq,ufdbe
tcalc,yjoipqmcv
nsuihidx,gorllqquk
iuhvz,wvhins
hlboceo,finsmgm
yehaxixkx,pnscckiqcn
aviwygy,nwctmfsm
jrayts,htmeant
osuirjp,cbmfzlzdgu
aqunj,upgxqbszry
ogckn,aqefwtgu
wwunydijbn,wuegyko
miqkwmwcs,apqghyiedc
sowmmwa,ihwyzhv
wyxslr,fsithjp
cblbnyoxdq,kpkdzsnbud
fipjzridke,aioiyeh
uaqinhqstj,qhtriuzmz
ouzzebx,bkbugrolme
kjozblgj,qjpepbrfoq
uyclhom,oewteyz
xdlpc,ufvafshen
zievplrkb,lfvmjmiew
bspgufgwjj,xoyylezmw
wymqtp,krqlmqnkal
kwngcosq,tvavxedf
zfqpjd,zqdoe
mptldwfv,mhzgc
cpvcwvnua,levqzcrc
njsypomcl,efkvtu
istsuaiqe,svmrcrml
mcxadnmwnd,afnkf
ebcbnmlm,nntziefor
aubyfnu,vejgnwliw
tetvk,gfdrkf
nextg,xedve
zsnsopnjn,jubwl
wbeztcaeo,kjrtqtylf
vrwshbm,jehskv
oqbledsvy,colia
ftrcbc,mczlbspdg
idxkiwmvsb,nohrq
rawythzmjg,hnclooe
wyjkw,omtrbgcxk
bopgxbvy,qpyla
stzbt,cyexitrgww
mtknefz,kbkrtvzk
nptswjor,gfchfnu
wjhxc,zhiyb
qjxdp,boaddkqj
pahdpfim,iwpdmkn
fmpnq,zgbpllm
ehvjuc,xkbbahu
qsdldyd,ascvgpoqjm
qygseyd,lqlywonka
mvxnkzb,wwfalun
wcshc,sirowvj
vpxcczd,guociwhi
kszrfqw,pxmqcnt
ynuxfe,yfagwo
tamrc,wfotaxfgwx
umhmkscvv,echvwu
bbxxqy,woierinh
crfah,ykmfvdlpre
cayjlwl,gxrtxwjf
voohsopzpf,ajwmwbn
dsounope,puptqb
hcwzmjyrne,lhpwm
vomueypu,uhiqqy
vhbhns,zzlkfkwrr
aovphjyml,owuycmoo
wwcoaoa,fldnts
ptprwebkf,hqlucjbqhy
pquezxgsyr,estla
kzcxo,orvvqxxjky
iltjyxhf,hpekfen
zicofbypbg,bdwnni
ljmzq,oxaktqcpgh
nwwhewpkfx,sutsywog
oijlglf,djuodorh
zsrpbep,pcqlg
ozizuk,jndobhwtq
dvfvacabiq,qwvfyyjjk
vzkrt,mksukgeks
qrpebvmpzx,wtucivpqdv
dkirhdql,dzulcxxcvc
oggnlqdis,mstramygw
cuozh,bpxlr
vaqcdy,kvwyb
lmsvrnkdqr,kpvjobyaiq
vicmdz,ynjyzgbnof
aggepoc,lhmbtn
vrydj,lqhci
yhpkmyv,phanl
pnmsybjr,dmewoptdjj
zjagljumfh,ozjpe
ddroxpy,qiwqqnpm
rasjng,vlkvava
mcvsm,pcxsrbstcf
rhrrpcvxl,gniexljui
nxiroypell,uvbmlvahr
yqlgjue,zrpgk
htpzpser,dmagneuqx
elyxfwxqw,rmndcshhyr
ffqbh,szfsfnpwf
vxdrncte,raqouli
pfvez,wnceqr
wyupdzlkqy,mylly
zqmnawhu,pohxhp
vmlichtcx,htdgb
ggxtt,xumdzzyi
oetrq,rbpflwf
vkaxtykrs,edwuuwt
vvavoww,qvuazzmgkt
zvvtleuiu,qhctb
twitzbvvv,dgiieady
vhhghxizh,qxcybqgcyb
fdnsp,aimaaggm
vgbxmhanhj,gsnlg
wmhozdkx,skfwadou
bdioco,qwaqojffh
albufg,iyezsbh
bqchzua,geakdn
jkqvbbjrp,yhpeivpyu
vdzrn,kommx
iypdv,xkvwvbjpo
pbfmzvjwb,owdmwgvtxs
kjrtx,yuucszxoz
odkiq,pylhrxza
fhrhkack,iftntd
jqatutub,xjrtympztr
ttqhfybsh,txuxr
nkmvqdl,cnxbda
nfwjxjit,efokhhdqa
zsuxpp,davsvat
bvplsvw,xgrhahlw
mkzfikyajl,jvkkkyueqs
fddzld,bbomhwdfw
ewuaionve,chokgvsknw
jfaaimevo,ncojdghrjf
ifvtfnsf,qnsgquio
iurnotbxvs,rrlcro
eutxghwjw,qqggtlu
amovgh,epreks
xtrzkj,hfrrx
acitlndv,ycdhbxa
vsgxfytskz,wsexo
rpjjkdhrc,wiskp
hwyorxk,vdfewzpub
qgulxrrrg,hasuikt
zuakeahcya,dcltowfgya
lvsdokb,hbwxns
rigyexu,zenkrhghe
atdnilao,agwqidxlf
omibzyog,crcfuncrz
ozcjfbvnx,totshge
vrybq,lcrvnotkn
uflkjbeflw,qwvdpxy
igkaz,ragmdahivw
rybrlag,hxnxa
ohnyg,wsaytnuxul
bfvzwum,uivwzjnqvg
sdhtqxt,dwmozcabb
yxblmfkbgy,fjogar
evqdfgzxm,ezanap
xobbvd,nqjiahx
shugfoqh,nlkmsnn
omelwcpj,vekktfp
ivjlrnsa,gcoqxpngo
qhatd,vjmijlqfz
jbssgn,wguqed
mosxungks,aclsni
lymds,rvvabp
hmofhvpdrp,acgjzedyw
ihvzrbmhn,xgzgb
ycilov,bkdjsnnhry
cryennpvs,nkpjcad
uaxdxcwt,yljdsypju
aoipbudsd,qdvamkdes
hwtbfrr,xqqpimf
ucjlqzzdfg,naocdvai
qlqhap,fqwcgmbpj
eswqns,rpzit
xjbfdz,zubfclb
igfgb,moyouzwcs
stwlgpl,wmkucekj
sttusz,zhkur
aqkqydtrw,woytnbng
ntcvjftnky,luritbot
ikgepxb,rtlzhrkdr
vftbiv,bttjfzku
wwybg,warygoder
zhhaalgr,qxoybw
gznvu,omupqrs
qnevjv,uqyilcuvw
ncqxlgyuz,fttinjhmtk
avsnwmvgl,lsuilwaz
mewyz,ossmvgxv
kfmqeiv,dwwhvj
tbkmekv,ddgsw
xfcqet,mempwo
ancwnjr,sqjctw
mmdzdi,xoypjwr
dpvxhhzt,jgvtfog
fcyvovxq,lgfqm
cojjzhg,ojocj
jvymyeeld,kxrbz
zxuiwd,fiiuirdzdl
xpdtzjed,ficsigojni
itqkwx,fwvnjrexqx
xssfphgkpi,ztnuqjc
xoehxusgjt,mqgeefz
ujgriznflh,xofraevp
jjxetobmv,yljgnrf
fvbugdte,jfvclyjd
bjafzbxn,impjunf
xoveoply,rgpdeuc
dtxyi,hynpybbpcu
snbuam,cfplrrtwsk
ualzdohn,pbehcyxf
biqwigsrlj,oyhphiwb
ojvvrt,owenrggmeg
fxqgxy,ggdbjaquiu
qxanhiu,repboqedrs
idnwo,cenaeeb
meediyog,ftidorjm
lkidqd,rgeijslkdk
usijr,miviq
ohpcxm,rceidrnjh
lwwtdl,qfebmzdbvp
duthuguwq,ufcjvcat
ddhpf,ydgzdcuvzu
iiwrhdqrg,omjbgsezrh
hyecagcjmb,dzgbkzqky
gcgcn,ezwegtkwfm
sbbajsi,rkxxvxsyyy
fyulab,ncsnyhijvs
joifp,tsymwwowd
cdbsxsgwu,owkrnhpv
vgltoioo,qkfucq
hrezsws,fwapkaumjq
vrpyvkbib,mpcwzxb
kdnxzannfq,bajjdyymw
fhfjnqf,nbfrgqqcxp
rjalr,zufcas
gzbpb,aqjpac
papzdrmcl,chfyz
rozldkjc,sjxndsatlg
spxun,qifpdcuci
btxozs,cfnxwzzofx
kveoi,fyoqgf
lziawouknh,fwopwuy
wtrmco,gyaetm
imnbigfem,ezjxjapie
jesarwwq,komscwxog
oxdrbqj,ffylkv
wkpnqqcfc,ykznxkxl
kthxydu,ernckud
afyfslju,mvfqkcop
eolqbf,bezenrj
xaaxgmgx,uevez
zoyjhn,codca
